Workbook

Sheet تعليمات
A1: أداة بحث المندوب في مخزون السيارات — أوتو باور
A3: محتوى الملف:
A4: 1) ورقة "المخزون" — كل السيارات المتوفرة فعليًا (82 موديل/فئة)، كل عمود له سهم فلترة فوقه.
A5: 2) ورقة "بحث سريع" — تكتب شروطك (سعر أقصى، فئة، فتحة سقف، ماركة، ناقل حركة، كلمة بحث) والنتيجة تتحدث فورًا.
A7: كيف يستخدمها المندوب بسرعة:
A8: • الطريقة الأولى (الأسرع لأي طلب محدد): روح لورقة "بحث سريع"، عبّي الخلايا الصفراء بالأعلى، والنتائج تترتب تلقائيًا من الأقرب للأرخص.
A9: • الطريقة الثانية (لو تبي تتصفح بنفسك): روح لورقة "المخزون"، اضغط سهم أي عمود (السعر، الماركة، فتحة سقف...) وفلتر يدويًا.
A11: ملاحظات مهمة:
A12: • عمود "الأنواع" (شبابي/عائلي/رياضي/اقتصادي/فاخم/عملي) مستخرج من نص الوصف التسويقي لكل سيارة — تقريبي، وليس حقلاً رسميًا في النظام.
A13: • عمود "فتحة سقف" نفس الشيء — من النص التسويقي، تأكد من الوحدة الفعلية قبل الوعد للعميل.
A14: • هذا الملف لقطة بتاريخ 2026-07-07 — يحتاج تحديث يدوي بشكل دوري (أو ربطه بمصدر بيانات النظام الرسمي).
A15: • البيانات لا تحتوي على أي بيانات عملاء أو حجوزات — فقط بيانات السيارات المتوفرة.
... A20: ورقة "بحث سريع" هنا بديل عملي بدون AI: نفس النتيجة تقريبًا، بس بخانات محددة بدل جملة حرة — وهو أسرع وأكثر ثباتًا لعمل يومي.

Sheet بحث سريع
B1: بحث سريع عن سيارة — للمندوب
A3: الحد الأقصى للسعر نقدًا (ريال) | C3: اتركها فاضية = بدون حد أقصى
A4: الفئة | B4: الكل
A5: فتحة سقف | B5: الكل
A6: الماركة | B6: الكل
A7: ناقل الحركة | B7: الكل
A8: كلمة بحث (بالموديل/الفئة) | C8: مثال: سبورتاج، GLS، امزوم
A9: ="عدد النتائج المطابقة: "&SUMPRODUCT(--(المخزون!$AA$2:$AA$83=TRUE))
A10: الماركة | B10: الموديل | C10: الفئة/الدرجة | D10: سنة الموديل | E10: ناقل الحركة | F10: سعة المحرك (لتر) | G10: نوع المقاعد | H10: فتحة سقف | I10: الأنواع (تقريبي) | J10: شبابي | K10: عائلي | L10: رياضي | M10: اقتصادي | N10: فاخم | O10: عملي | P10: السعر نقدًا (من) | Q10: السعر نقدًا (الى) | R10: سعر التمويل (من) | S10: عدد الوحدات المتوفرة | T10: الفروع/المواقع
A11: =IFERROR(SORT(FILTER(المخزون!$A$2:$T$83,المخزون!$AA$2:$AA$83=TRUE),16,1),"لا توجد نتائج مطابقة للشروط الحالية")

Sheet المخزون
A1: الماركة | B1: الموديل | C1: الفئة/الدرجة | D1: سنة الموديل | E1: ناقل الحركة | F1: سعة المحرك (لتر) | G1: نوع المقاعد | H1: فتحة سقف | I1: الأنواع (تقريبي) | J1: شبابي | K1: عائلي | L1: رياضي | M1: اقتصادي | N1: فاخم | O1: عملي | P1: السعر نقدًا (من) | Q1: السعر نقدًا (الى) | R1: سعر التمويل (من) | S1: عدد الوحدات المتوفرة | T1: الفروع/المواقع | U1: مطابقة السعر | V1: مطابقة الفئة | W1: مطابقة السقف | X1: مطابقة الماركة | Y1: مطابقة الناقل | Z1: مطابقة نصية | AA1: مطابقة الكل
A2: Kia | B2: Sportage L 1.5T | C2: Standard | D2: 2026 | E2: أوتوماتيك | F2: 1.5 | G2: قماش | H2: لا | I2: — | J2: لا | K2: لا | L2: لا | M2: لا | N2: لا | O2: لا | P2: 91650 | Q2: 91650 | R2: 94650 | S2: 2 | T2: فرع الرياض | U2: =IF('بحث سريع'!$B$3="",TRUE,P2<='بحث سريع'!$B$3) | V2: =IF('بحث سريع'!$B$4="الكل",TRUE,IF('بحث سريع'!$B$4="شبابي",J2="نعم",IF('بحث سريع'!$B$4="عائلي",K2="نعم",IF('بحث سريع'!$B$4="رياضي",L2="نعم",IF('بحث سريع'!$B$4="اقتصادي",M2="نعم",IF('بحث سريع'!$B$4="فاخم",N2="نعم",IF('بحث سريع'!$B$4="عملي",O2="نعم",FALSE))))))) | W2: =IF('بحث سريع'!$B$5="الكل",TRUE,IF('بحث سريع'!$B$5="نعم",H2="نعم",H2="لا")) | X2: =IF('بحث سريع'!$B$6="الكل",TRUE,A2='بحث سريع'!$B$6) | Y2: =IF('بحث سريع'!$B$7="الكل",TRUE,E2='بحث سريع'!$B$7) | Z2: =IF('بحث سريع'!$B$8="",TRUE,ISNUMBER(SEARCH('بحث سريع'!$B$8,A2&" "&B2&" "&C2))) | AA2: =AND(U2:Z2)
A3: Jetour | B3: G700 - 2.0T | C3: Flagship | D3: 2026 | E3: أوتوماتيك | F3: 2 | G3: جلد | H3: لا | I3: — | J3: لا | K3: لا | L3: لا | M3: لا | N3: لا | O3: لا | P3: 224470 | Q3: 224470 | R3: 227470 | S3: 4 | T3: شركة، فرع الرياض | U3: =IF('بحث سريع'!$B$3="",TRUE,P3<='بحث سريع'!$B$3) | V3: =IF('بحث سريع'!$B$4="الكل",TRUE,IF('بحث سريع'!$B$4="شبابي",J3="نعم",IF('بحث سريع'!$B$4="عائلي",K3="نعم",IF('بحث سريع'!$B$4="رياضي",L3="نعم",IF('بحث سريع'!$B$4="اقتصادي",M3="نعم",IF('بحث سريع'!$B$4="فاخم",N3="نعم",IF('بحث سريع'!$B$4="عملي",O3="نعم",FALSE))))))) | W3: =IF('بحث سريع'!$B$5="الكل",TRUE,IF('بحث سريع'!$B$5="نعم",H3="نعم",H3="لا")) | X3: =IF('بحث سريع'!$B$6="الكل",TRUE,A3='بحث سريع'!$B$6) | Y3: =IF('بحث سريع'!$B$7="الكل",TRUE,E3='بحث سريع'!$B$7) | Z3: =IF('بحث سريع'!$B$8="",TRUE,ISNUMBER(SEARCH('بحث سريع'!$B$8,A3&" "&B3&" "&C3))) | AA3: =AND(U3:Z3)
A4: Jetour | B4: G700 - 2.0T | C4: Luxury | D4: 2026 | E4: أوتوماتيك | F4: 2 | G4: جلد | H4: لا | I4: — | J4: لا | K4: لا | L4: لا | M4: لا | N4: لا | O4: لا | P4: 200719 | Q4: 200719 | R4: 203719 | S4: 3 | T4: شركة، فرع الدمام، فرع الرياض | U4: =IF('بحث سريع'!$B$3="",TRUE,P4<='بحث سريع'!$B$3) | V4: =IF('بحث سريع'!$B$4="الكل",TRUE,IF('بحث سريع'!$B$4="شبابي",J4="نعم",IF('بحث سريع'!$B$4="عائلي",K4="نعم",IF('بحث سريع'!$B$4="رياضي",L4="نعم",IF('بحث سريع'!$B$4="اقتصادي",M4="نعم",IF('بحث سريع'!$B$4="فاخم",N4="نعم",IF('بحث سريع'!$B$4="عملي",O4="نعم",FALSE))))))) | W4: =IF('بحث سريع'!$B$5="الكل",TRUE,IF('بحث سريع'!$B$5="نعم",H4="نعم",H4="لا")) | X4: =IF('بحث سريع'!$B$6="الكل",TRUE,A4='بحث سريع'!$B$6) | Y4: =IF('بحث سريع'!$B$7="الكل",TRUE,E4='بحث سريع'!$B$7) | Z4: =IF('بحث سريع'!$B$8="",TRUE,ISNUMBER(SEARCH('بحث سريع'!$B$8,A4&" "&B4&" "&C4))) | AA4: =AND(U4:Z4)
A5: Suzuki | B5: FRONX | C5: Gl | D5: 2026 | E5: أوتوماتيك | F5: 1.5 | G5: قماش | H5: لا | I5: — | J5: لا | K5: لا | L5: لا | M5: لا | N5: لا | O5: لا | P5: 66350 | Q5: 66350 | R5: 69350 | S5: 7 | T5: شركة، فرع الدمام، فرع جدة | U5: =IF('بحث سريع'!$B$3="",TRUE,P5<='بحث سريع'!$B$3) | V5: =IF('بحث سريع'!$B$4="الكل",TRUE,IF('بحث سريع'!$B$4="شبابي",J5="نعم",IF('بحث سريع'!$B$4="عائلي",K5="نعم",IF('بحث سريع'!$B$4="رياضي",L5="نعم",IF('بحث سريع'!$B$4="اقتصادي",M5="نعم",IF('بحث سريع'!$B$4="فاخم",N5="نعم",IF('بحث سريع'!$B$4="عملي",O5="نعم",FALSE))))))) | W5: =IF('بحث سريع'!$B$5="الكل",TRUE,IF('بحث سريع'!$B$5="نعم",H5="نعم",H5="لا")) | X5: =IF('بحث سريع'!$B$6="الكل",TRUE,A5='بحث سريع'!$B$6) | Y5: =IF('بحث سريع'!$B$7="الكل",TRUE,E5='بحث سريع'!$B$7) | Z5: =IF('بحث سريع'!$B$8="",TRUE,ISNUMBER(SEARCH('بحث سريع'!$B$8,A5&" "&B5&" "&C5))) | AA5: =AND(U5:Z5)
A6: GAC | B6: GS4 | C6: Max Gl | D6: 2026 | E6: أوتوماتيك | F6: 2 | G6: جلد | H6: لا | I6: — | J6: لا | K6: لا | L6: لا | M6: لا | N6: لا | O6: لا | P6: 75757 | Q6: 75757 | R6: 78757 | S6: 3 | T6: فرع الدمام، فرع الرياض | U6: =IF('بحث سريع'!$B$3="",TRUE,P6<='بحث سريع'!$B$3) | V6: =IF('بحث سريع'!$B$4="الكل",TRUE,IF('بحث سريع'!$B$4="شبابي",J6="نعم",IF('بحث سريع'!$B$4="عائلي",K6="نعم",IF('بحث سريع'!$B$4="رياضي",L6="نعم",IF('بحث سريع'!$B$4="اقتصادي",M6="نعم",IF('بحث سريع'!$B$4="فاخم",N6="نعم",IF('بحث سريع'!$B$4="عملي",O6="نعم",FALSE))))))) | W6: =IF('بحث سريع'!$B$5="الكل",TRUE,IF('بحث سريع'!$B$5="نعم",H6="نعم",H6="لا")) | X6: =IF('بحث سريع'!$B$6="الكل",TRUE,A6='بحث سريع'!$B$6) | Y6: =IF('بحث سريع'!$B$7="الكل",TRUE,E6='بحث سريع'!$B$7) | Z6: =IF('بحث سريع'!$B$8="",TRUE,ISNUMBER(SEARCH('بحث سريع'!$B$8,A6&" "&B6&" "&C6))) | AA6: =AND(U6:Z6)
A7: Suzuki | B7: FRONX | C7: Glx | D7: 2026 | E7: أوتوماتيك | F7: 1.5 | G7: قماش | H7: لا | I7: — | J7: لا | K7: لا | L7: لا | M7: لا | N7: لا | O7: لا | P7: 72100 | Q7: 72100 | R7: 75100 | S7: 10 | T7: شركة، فرع الدمام، فرع الرياض، فرع جدة | U7: =IF('بحث سريع'!$B$3="",TRUE,P7<='بحث سريع'!$B$3) | V7: =IF('بحث سريع'!$B$4="الكل",TRUE,IF('بحث سريع'!$B$4="شبابي",J7="نعم",IF('بحث سريع'!$B$4="عائلي",K7="نعم",IF('بحث سريع'!$B$4="رياضي",L7="نعم",IF('بحث سريع'!$B$4="اقتصادي",M7="نعم",IF('بحث سريع'!$B$4="فاخم",N7="نعم",IF('بحث سريع'!$B$4="عملي",O7="نعم",FALSE))))))) | W7: =IF('بحث سريع'!$B$5="الكل",TRUE,IF('بحث سريع'!$B$5="نعم",H7="نعم",H7="لا")) | X7: =IF('بحث سريع'!$B$6="الكل",TRUE,A7='بحث سريع'!$B$6) | Y7: =IF('بحث سريع'!$B$7="الكل",TRUE,E7='بحث سريع'!$B$7) | Z7: =IF('بحث سريع'!$B$8="",TRUE,ISNUMBER(SEARCH('بحث سريع'!$B$8,A7&" "&B7&" "&C7))) | AA7: =AND(U7:Z7)
A8: Jetour | B8: G700 - 2.0T | C8: Comfort | D8: 2026 | E8: أوتوماتيك | F8: 2 | G8: جلد | H8: لا | I8: — | J8: لا | K8: لا | L8: لا | M8: لا | N8: لا | O8: لا | P8: 176970 | Q8: 176970 | R8: 179970 | S8: 2 | T8: فرع الرياض، فرع جدة | U8: =IF('بحث سريع'!$B$3="",TRUE,P8<='بحث سريع'!$B$3) | V8: =IF('بحث سريع'!$B$4="الكل",TRUE,IF('بحث سريع'!$B$4="شبابي",J8="نعم",IF('بحث سريع'!$B$4="عائلي",K8="نعم",IF('بحث سريع'!$B$4="رياضي",L8="نعم",IF('بحث سريع'!$B$4="اقتصادي",M8="نعم",IF('بحث سريع'!$B$4="فاخم",N8="نعم",IF('بحث سريع'!$B$4="عملي",O8="نعم",FALSE))))))) | W8: =IF('بحث سريع'!$B$5="الكل",TRUE,IF('بحث سريع'!$B$5="نعم",H8="نعم",H8="لا")) | X8: =IF('بحث سريع'!$B$6="الكل",TRUE,A8='بحث سريع'!$B$6) | Y8: =IF('بحث سريع'!$B$7="الكل",TRUE,E8='بحث سريع'!$B$7) | Z8: =IF('بحث سريع'!$B$8="",TRUE,ISNUMBER(SEARCH('بحث سريع'!$B$8,A8&" "&B8&" "&C8))) | AA8: =AND(U8:Z8)
A9: Kia (NMC) | B9: CARENS 1.5L | C9: Gls | D9: 2026 | E9: أوتوماتيك | F9: 1.5 | G9: قماش | H9: لا | I9: — | J9: لا | K9: لا | L9: لا | M9: لا | N9: لا | O9: لا | P9: 92225 | Q9: 92225 | R9: 95225 | S9: 2 | T9: فرع الدمام، فرع جدة | U9: =IF('بحث سريع'!$B$3="",TRUE,P9<='بحث سريع'!$B$3) | V9: =IF('بحث سريع'!$B$4="الكل",TRUE,IF('بحث سريع'!$B$4="شبابي",J9="نعم",IF('بحث سريع'!$B$4="عائلي",K9="نعم",IF('بحث سريع'!$B$4="رياضي",L9="نعم",IF('بحث سريع'!$B$4="اقتصادي",M9="نعم",IF('بحث سريع'!$B$4="فاخم",N9="نعم",IF('بحث سريع'!$B$4="عملي",O9="نعم",FALSE))))))) | W9: =IF('بحث سريع'!$B$5="الكل",TRUE,IF('بحث سريع'!$B$5="نعم",H9="نعم",H9="لا")) | X9: =IF('بحث سريع'!$B$6="الكل",TRUE,A9='بحث سريع'!$B$6) | Y9: =IF('بحث سريع'!$B$7="الكل",TRUE,E9='بحث سريع'!$B$7) | Z9: =IF('بحث سريع'!$B$8="",TRUE,ISNUMBER(SEARCH('بحث سريع'!$B$8,A9&" "&B9&" "&C9))) | AA9: =AND(U9:Z9)
A10: MG | B10: MG5 1.5L | C10: Standard Old | D10: 2025 | E10: أوتوماتيك | F10: 1.5 | G10: قماش | H10: لا | I10: اقتصادي | J10: لا | K10: لا | L10: لا | M10: نعم | N10: لا | O10: لا | P10: 42855 | Q10: 42855 | R10: 45855 | S10: 4 | T10: الى فرع الرياض، فرع جدة | U10: =IF('بحث سريع'!$B$3="",TRUE,P10<='بحث سريع'!$B$3) | V10: =IF('بحث سريع'!$B$4="الكل",TRUE,IF('بحث سريع'!$B$4="شبابي",J10="نعم",IF('بحث سريع'!$B$4="عائلي",K10="نعم",IF('بحث سريع'!$B$4="رياضي",L10="نعم",IF('بحث سريع'!$B$4="اقتصادي",M10="نعم",IF('بحث سريع'!$B$4="فاخم",N10="نعم",IF('بحث سريع'!$B$4="عملي",O10="نعم",FALSE))))))) | W10: =IF('بحث سريع'!$B$5="الكل",TRUE,IF('بحث سريع'!$B$5="نعم",H10="نعم",H10="لا")) | X10: =IF('بحث سريع'!$B$6="الكل",TRUE,A10='بحث سريع'!$B$6) | Y10: =IF('بحث سريع'!$B$7="الكل",TRUE,E10='بحث سريع'!$B$7) | Z10: =IF('بحث سريع'!$B$8="",TRUE,ISNUMBER(SEARCH('بحث سريع'!$B$8,A10&" "&B10&" "&C10))) | AA10: =AND(U10:Z10)
A11: Hyundai | B11: Elantra 2.0L | C11: Gls Comfort | D11: 2026 | E11: أوتوماتيك | F11: 2 | G11: قماش | H11: لا | I11: — | J11: لا | K11: لا | L11: لا | M11: لا | N11: لا | O11: لا | P11: 91075 | Q11: 91075 | R11: 94075 | S11: 5 | T11: فرع الدمام، فرع الرياض | U11: =IF('بحث سريع'!$B$3="",TRUE,P11<='بحث سريع'!$B$3) | V11: =IF('بحث سريع'!$B$4="الكل",TRUE,IF('بحث سريع'!$B$4="شبابي",J11="نعم",IF('بحث سريع'!$B$4="عائلي",K11="نعم",IF('بحث سريع'!$B$4="رياضي",L11="نعم",IF('بحث سريع'!$B$4="اقتصادي",M11="نعم",IF('بحث سريع'!$B$4="فاخم",N11="نعم",IF('بحث سريع'!$B$4="عملي",O11="نعم",FALSE))))))) | W11: =IF('بحث سريع'!$B$5="الكل",TRUE,IF('بحث سريع'!$B$5="نعم",H11="نعم",H11="لا")) | X11: =IF('بحث سريع'!$B$6="الكل",TRUE,A11='بحث سريع'!$B$6) | Y11: =IF('بحث سريع'!$B$7="الكل",TRUE,E11='بحث سريع'!$B$7) | Z11: =IF('بحث سريع'!$B$8="",TRUE,ISNUMBER(SEARCH('بحث سريع'!$B$8,A11&" "&B11&" "&C11))) | AA11: =AND(U11:Z11)
A12: Jetour | B12: X70 Plus 1.6T | C12: Luxury | D12: 2026 | E12: أوتوماتيك | F12: 1.6 | G12: جلد | H12: نعم | I12: اقتصادي، فاخم | J12: لا | K12: لا | L12: لا | M12: نعم | N12: نعم | O12: لا | P12: 89350 | Q12: 89350 | R12: 92350 | S12: 42 | T12: ار موتورز، الاسطول، سيارتك الرقمية، فرع الدمام، فرع الرياض، فرع جدة، مستودع الدمام، معرض المحركات الجديد، معرض الموتر العريق، معرض خالد | U12: =IF('بحث سريع'!$B$3="",TRUE,P12<='بحث سريع'!$B$3) | V12: =IF('بحث سريع'!$B$4="الكل",TRUE,IF('بحث سريع'!$B$4="شبابي",J12="نعم",IF('بحث سريع'!$B$4="عائلي",K12="نعم",IF('بحث سريع'!$B$4="رياضي",L12="نعم",IF('بحث سريع'!$B$4="اقتصادي",M12="نعم",IF('بحث سريع'!$B$4="فاخم",N12="نعم",IF('بحث سريع'!$B$4="عملي",O12="نعم",FALSE))))))) | W12: =IF('بحث سريع'!$B$5="الكل",TRUE,IF('بحث سريع'!$B$5="نعم",H12="نعم",H12="لا")) | X12: =IF('بحث سريع'!$B$6="الكل",TRUE,A12='بحث سريع'!$B$6) | Y12: =IF('بحث سريع'!$B$7="الكل",TRUE,E12='بحث سريع'!$B$7) | Z12: =IF('بحث سريع'!$B$8="",TRUE,ISNUMBER(SEARCH('بحث سريع'!$B$8,A12&" "&B12&" "&C12))) | AA12: =AND(U12:Z12)
A13: Chevrolet | B13: GROOVE 1.5L | C13: New Lt | D13: 2026 | E13: أوتوماتيك | F13: 1.5 | G13: قماش | H13: لا | I13: عملي | J13: لا | K13: لا | L13: لا | M13: لا | N13: لا | O13: نعم | P13: 60600 | Q13: 60600 | R13: 63600 | S13: 3 | T13: الاسطول، فرع الدمام، معرض المحركات الجديد | U13: =IF('بحث سريع'!$B$3="",TRUE,P13<='بحث سريع'!$B$3) | V13: =IF('بحث سريع'!$B$4="الكل",TRUE,IF('بحث سريع'!$B$4="شبابي",J13="نعم",IF('بحث سريع'!$B$4="عائلي",K13="نعم",IF('بحث سريع'!$B$4="رياضي",L13="نعم",IF('بحث سريع'!$B$4="اقتصادي",M13="نعم",IF('بحث سريع'!$B$4="فاخم",N13="نعم",IF('بحث سريع'!$B$4="عملي",O13="نعم",FALSE))))))) | W13: =IF('بحث سريع'!$B$5="الكل",TRUE,IF('بحث سريع'!$B$5="نعم",H13="نعم",H13="لا")) | X13: =IF('بحث سريع'!$B$6="الكل",TRUE,A13='بحث سريع'!$B$6) | Y13: =IF('بحث سريع'!$B$7="الكل",TRUE,E13='بحث سريع'!$B$7) | Z13: =IF('بحث سريع'!$B$8="",TRUE,ISNUMBER(SEARCH('بحث سريع'!$B$8,A13&" "&B13&" "&C13))) | AA13: =AND(U13:Z13)
... A83: Ford | B83: Territory 1.8 L | C83: Ambiente | D83: 2026 | E83: أوتوماتيك | F83: 1.8 | G83: قماش | H83: لا | I83: عائلي، رياضي | J83: لا | K83: نعم | L83: نعم | M83: لا | N83: لا | O83: لا | P83: 94146 | Q83: 94640 | R83: 97146 | S83: 2 | T83: فرع جدة، معرض الموتر العريق | U83: =IF('بحث سريع'!$B$3="",TRUE,P83<='بحث سريع'!$B$3) | V83: =IF('بحث سريع'!$B$4="الكل",TRUE,IF('بحث سريع'!$B$4="شبابي",J83="نعم",IF('بحث سريع'!$B$4="عائلي",K83="نعم",IF('بحث سريع'!$B$4="رياضي",L83="نعم",IF('بحث سريع'!$B$4="اقتصادي",M83="نعم",IF('بحث سريع'!$B$4="فاخم",N83="نعم",IF('بحث سريع'!$B$4="عملي",O83="نعم",FALSE))))))) | W83: =IF('بحث سريع'!$B$5="الكل",TRUE,IF('بحث سريع'!$B$5="نعم",H83="نعم",H83="لا")) | X83: =IF('بحث سريع'!$B$6="الكل",TRUE,A83='بحث سريع'!$B$6) | Y83: =IF('بحث سريع'!$B$7="الكل",TRUE,E83='بحث سريع'!$B$7) | Z83: =IF('بحث سريع'!$B$8="",TRUE,ISNUMBER(SEARCH('بحث سريع'!$B$8,A83&" "&B83&" "&C83))) | AA83: =AND(U83:Z83)
